trace_average_bandwidth,trace_average_latency,average_sending_rate,average_throughput,average_latency,loss_rate,mi_level_reward,pkt_level_reward
21.005064941771195,99.82457,11.93061747682327,11.476467552475016,0.3132212309119181,0.04426262490778621,21.776664467917524,-128.56314174974165
