trace_average_bandwidth,trace_average_latency,average_sending_rate,average_throughput,average_latency,loss_rate,mi_level_reward,pkt_level_reward
10.644021957779557,157.47984999999997,6.208294688153674,6.152511814612799,0.44640975036870645,0.019329896907216537,-116.05390270654372,-196.05699615302106
