trace_average_bandwidth,trace_average_latency,average_sending_rate,average_throughput,average_latency,loss_rate,mi_level_reward,pkt_level_reward
1.6233789846398936,154.6358,1.5242181810858062,1.5063492029653252,0.3456810180339456,0.022047244094488216,94.79876473471745,74.17937345031444
