trace_average_bandwidth,trace_average_latency,average_sending_rate,average_throughput,average_latency,loss_rate,mi_level_reward,pkt_level_reward
15.48548535873592,191.65077,5.021012399892173,4.939228930685552,0.5809003129031399,0.0287603569152326,-302.95992434886705,-478.9417202648816
