trace_average_bandwidth,trace_average_latency,average_sending_rate,average_throughput,average_latency,loss_rate,mi_level_reward,pkt_level_reward
1.009521883098328,145.53692,0.44480237612596824,0.42450844126758075,0.3214702597755116,0.05495495495495495,-150.31543090328506,-221.1279461453433
